 time, ref, y_nom, y_nn, u_nom, u_nn
0,0.375,83.60531,83.57144,0,0
0.02,0.375,-53.01804,-53.04374,0.0165,0.01649
0.04,0.375,51.4374,51.61336,0.03809,0.03718
0.06,0.375,-30.74519,-30.57494,0.05853,0.0561
0.08,0.375,31.73525,32.1146,0.08187,0.07716
0.1,0.375,-17.73082,-17.35471,0.10426,0.09671
0.12,0.375,19.61989,20.19043,0.12804,0.11704
0.14,0.375,-10.16676,-9.58076,0.15081,0.13595
0.16,0.375,12.15591,12.89798,0.17391,0.15479
0.18,0.375,-5.77844,-5.00593,0.19584,0.17222
0.2,0.375,7.57057,8.45404,0.21738,0.18906
0.22,0.375,-3.21397,-2.29797,0.2376,0.20452
0.24,0.375,4.78677,5.77083,0.25694,0.21911
0.26,0.375,-1.67634,-0.66965,0.27485,0.23238
0.28,0.375,3.14403,4.18104,0.29159,0.24465
0.3,0.375,-0.70167,0.34056,0.30684,0.25569
0.32,0.375,2.23195,3.2725,0.32078,0.26572
0.34,0.375,-0.02544,0.99991,0.33325,0.27463
0.36,0.375,1.79104,2.78841,0.34437,0.28258
0.38,0.375,0.49839,1.46059,0.35408,0.28955
0.4,0.375,1.65368,2.5671,0.3625,0.29567
0.42,0.375,0.94623,1.80728,0.36962,0.30095
0.44,0.375,1.70889,2.50571,0.37556,0.3055
0.46,0.375,1.35443,2.08571,0.38034,0.30935
0.48,0.375,1.88147,2.53826,0.38409,0.31259
0.5,0.375,1.73701,2.31967,0.38685,0.31528
0.52,0.375,2.11941,2.62219,0.38874,0.31749
0.54,0.375,2.09636,2.52103,0.38982,0.31926
0.56,0.375,2.38632,2.73014,0.39019,0.32067
0.58,0.375,2.42955,2.69554,0.38994,0.32177
0.6,0.375,2.65678,2.84478,0.38915,0.3226
0.62,0.375,2.73196,2.84607,0.38791,0.3232
0.64,0.375,2.91335,2.95549,0.38628,0.32363
0.66,0.375,2.99926,2.97438,0.38435,0.32392
0.68,0.375,3.14462,3.05618,0.38219,0.3241
0.7,0.375,3.22845,3.08198,0.37985,0.32419
0.72,0.375,3.34379,3.14379,0.3774,0.32424
0.74,0.375,3.4182,3.17051,0.37489,0.32425
0.76,0.375,3.50766,3.21734,0.37237,0.32425
0.78,0.375,3.5689,3.24181,0.36987,0.32426
0.8,0.375,3.63574,3.27713,0.36745,0.32428
0.82,0.375,3.68245,3.29795,0.36512,0.32433
0.84,0.375,3.72958,3.32429,0.36292,0.32441
0.86,0.375,3.76197,3.34107,0.36087,0.32453
0.88,0.375,3.7922,3.36039,0.35899,0.3247
0.9,0.375,3.81144,3.37332,0.35728,0.32492
0.92,0.375,3.82752,3.3872,0.35575,0.32519
0.94,0.375,3.8354,3.39677,0.35442,0.32551
0.96,0.375,3.84001,3.40649,0.35328,0.32588
0.98,0.375,3.83858,3.4133,0.35234,0.3263
1,0.375,3.8343,3.41994,0.35158,0.32676
1.02,0.375,3.82571,3.42462,0.35101,0.32727
1.04,0.375,3.81492,3.42904,0.35061,0.32782
1.06,0.375,3.80123,3.43217,0.35038,0.3284
1.08,0.375,3.78608,3.43507,0.35031,0.32901
1.1,0.375,3.76919,3.43717,0.35038,0.32966
1.12,0.375,3.75156,3.43912,0.35058,0.33033
1.14,0.375,3.73312,3.44059,0.35091,0.33102
1.16,0.375,3.71457,3.44202,0.35134,0.33173
1.18,0.375,3.69596,3.4432,0.35186,0.33245
1.2,0.375,3.67777,3.44441,0.35247,0.33318
1.22,0.375,3.66007,3.44556,0.35314,0.33393
1.24,0.375,3.64319,3.44679,0.35387,0.33467
1.26,0.375,3.6272,3.44805,0.35464,0.33542
1.28,0.375,3.61232,3.44944,0.35545,0.33617
1.3,0.375,3.59859,3.45094,0.35628,0.33692
1.32,0.375,3.58614,3.45258,0.35712,0.33766
1.34,0.375,3.57497,3.45436,0.35797,0.3384
1.36,0.375,3.56515,3.4563,0.35882,0.33913
1.38,0.375,3.55667,3.45838,0.35965,0.33985
1.4,0.375,3.54951,3.46062,0.36047,0.34056
1.42,0.375,3.54365,3.46299,0.36127,0.34126
1.44,0.375,3.53905,3.46549,0.36204,0.34195
1.46,0.375,3.53564,3.46812,0.36277,0.34262
1.48,0.375,3.53337,3.47087,0.36348,0.34328
1.5,0.375,3.53215,3.47371,0.36415,0.34393
1.52,0.375,3.53191,3.47665,0.36478,0.34457
1.54,0.375,3.53257,3.47966,0.36538,0.34519
1.56,0.375,3.53403,3.48274,0.36593,0.3458
1.58,0.375,3.53621,3.48587,0.36645,0.34639
1.6,0.375,3.53903,3.48904,0.36692,0.34697
1.62,0.375,3.54239,3.49224,0.36736,0.34754
1.64,0.375,3.5462,3.49545,0.36776,0.3481
1.66,0.375,3.5504,3.49867,0.36813,0.34864
1.68,0.375,3.55489,3.50189,0.36846,0.34917
1.7,0.375,3.55961,3.5051,0.36876,0.34969
1.72,0.375,3.56449,3.50829,0.36903,0.35019
1.74,0.375,3.56946,3.51146,0.36927,0.35069
1.76,0.375,3.57447,3.51459,0.36948,0.35117
1.78,0.375,3.57946,3.51769,0.36967,0.35164
1.8,0.375,3.58439,3.52074,0.36984,0.35211
1.82,0.375,3.58921,3.52374,0.36999,0.35256
1.84,0.375,3.5939,3.5267,0.37012,0.353
1.86,0.375,3.59842,3.5296,0.37024,0.35343
1.88,0.375,3.60274,3.53244,0.37034,0.35386
1.9,0.375,3.60685,3.53523,0.37044,0.35427
1.92,0.375,3.61073,3.53797,0.37052,0.35468
1.94,0.375,3.61437,3.54064,0.37059,0.35508
1.96,0.375,3.61777,3.54325,0.37066,0.35547
1.98,0.375,3.62091,3.54581,0.37073,0.35585
2,0.375,3.62381,3.5483,0.37078,0.35623
2.02,0.375,3.62645,3.55074,0.37084,0.3566
2.04,0.375,3.62886,3.55312,0.3709,0.35696
2.06,0.375,3.63103,3.55545,0.37095,0.35732
2.08,0.375,3.63298,3.55772,0.371,0.35766
2.1,0.375,3.63471,3.55993,0.37106,0.35801
2.12,0.375,3.63624,3.56209,0.37111,0.35834
2.14,0.375,3.63758,3.56421,0.37117,0.35867
2.16,0.375,3.63875,3.56627,0.37123,0.35899
2.18,0.375,3.63976,3.56828,0.37129,0.35931
2.2,0.375,3.64062,3.57025,0.37135,0.35962
2.22,0.375,3.64135,3.57217,0.37141,0.35993
2.24,0.375,3.64196,3.57405,0.37148,0.36023
2.26,0.375,3.64248,3.57588,0.37155,0.36052
2.28,0.375,3.6429,3.57767,0.37162,0.36081
2.3,0.375,3.64324,3.57943,0.37169,0.36109
2.32,0.375,3.64352,3.58114,0.37176,0.36137
2.34,0.375,3.64375,3.58282,0.37183,0.36165
2.36,0.375,3.64393,3.58446,0.37191,0.36191
2.38,0.375,3.64409,3.58607,0.37199,0.36218
2.4,0.375,3.64421,3.58765,0.37206,0.36244
2.42,0.375,3.64432,3.58919,0.37214,0.36269
2.44,0.375,3.64443,3.5907,0.37222,0.36294
2.46,0.375,3.64453,3.59218,0.3723,0.36318
2.48,0.375,3.64463,3.59362,0.37238,0.36342
2.5,0.375,3.64474,3.59504,0.37245,0.36366
2.52,0.375,3.64486,3.59643,0.37253,0.36389
2.54,0.375,3.645,3.5978,0.3726,0.36411
2.56,0.375,3.64515,3.59914,0.37268,0.36434
2.58,0.375,3.64531,3.60045,0.37275,0.36455
2.6,0.375,3.6455,3.60173,0.37282,0.36477
2.62,0.375,3.64571,3.60299,0.37289,0.36498
2.64,0.375,3.64594,3.60422,0.37296,0.36518
2.66,0.375,3.64619,3.60543,0.37302,0.36538
2.68,0.375,3.64645,3.60662,0.37309,0.36558
2.7,0.375,3.64674,3.60779,0.37315,0.36577
2.72,0.375,3.64704,3.60893,0.37321,0.36596
2.74,0.375,3.64735,3.61005,0.37327,0.36615
2.76,0.375,3.64768,3.61114,0.37332,0.36633
2.78,0.375,3.64802,3.61222,0.37338,0.36651
2.8,0.375,3.64838,3.61327,0.37343,0.36668
2.82,0.375,3.64874,3.61431,0.37348,0.36686
2.84,0.375,3.6491,3.61532,0.37353,0.36702
2.86,0.375,3.64948,3.61632,0.37357,0.36719
2.88,0.375,3.64985,3.61729,0.37362,0.36735
2.9,0.375,3.65023,3.61825,0.37366,0.36751
2.92,0.375,3.65061,3.61918,0.3737,0.36766
2.94,0.375,3.65098,3.6201,0.37374,0.36782
2.96,0.375,3.65135,3.621,0.37378,0.36797
2.98,0.375,3.65172,3.62188,0.37381,0.36811
3,0.375,3.65208,3.62275,0.37385,0.36825
3.02,0.375,3.65243,3.62359,0.37388,0.36839
3.04,0.375,3.65278,3.62442,0.37391,0.36853
3.06,0.375,3.65312,3.62524,0.37394,0.36867
3.08,0.375,3.65345,3.62603,0.37397,0.3688
3.1,0.375,3.65377,3.62681,0.374,0.36893
3.12,0.375,3.65408,3.62758,0.37403,0.36906
3.14,0.375,3.65437,3.62833,0.37405,0.36918
3.16,0.375,3.65466,3.62906,0.37408,0.3693
3.18,0.375,3.65494,3.62978,0.3741,0.36942
3.2,0.375,3.6552,3.63049,0.37413,0.36954
3.22,0.375,3.65546,3.63118,0.37415,0.36965
3.24,0.375,3.6557,3.63185,0.37417,0.36977
3.26,0.375,3.65593,3.63252,0.37419,0.36988
3.28,0.375,3.65615,3.63317,0.37421,0.36998
3.3,0.375,3.65637,3.6338,0.37423,0.37009
3.32,0.375,3.65657,3.63443,0.37425,0.37019
3.34,0.375,3.65676,3.63504,0.37427,0.37029
3.36,0.375,3.65695,3.63563,0.37429,0.37039
3.38,0.375,3.65712,3.63622,0.37431,0.37049
3.4,0.375,3.65729,3.63679,0.37433,0.37059
3.42,0.375,3.65745,3.63735,0.37435,0.37068
3.44,0.375,3.6576,3.63791,0.37436,0.37077
3.46,0.375,3.65775,3.63844,0.37438,0.37086
3.48,0.375,3.65788,3.63897,0.3744,0.37095
3.5,0.375,3.65802,3.63949,0.37441,0.37103
3.52,0.375,3.65815,3.64,0.37443,0.37112
3.54,0.375,3.65827,3.64049,0.37444,0.3712
3.56,0.375,3.65839,3.64098,0.37446,0.37128
3.58,0.375,3.6585,3.64146,0.37447,0.37136
3.6,0.375,3.65861,3.64192,0.37449,0.37144
3.62,0.375,3.65871,3.64238,0.3745,0.37152
3.64,0.375,3.65882,3.64283,0.37451,0.37159
3.66,0.375,3.65891,3.64326,0.37453,0.37166
3.68,0.375,3.65901,3.64369,0.37454,0.37174
3.7,0.375,3.6591,3.64411,0.37455,0.37181
3.72,0.375,3.6592,3.64453,0.37457,0.37187
3.74,0.375,3.65928,3.64493,0.37458,0.37194
3.76,0.375,3.65937,3.64532,0.37459,0.37201
3.78,0.375,3.65945,3.64571,0.3746,0.37207
3.8,0.375,3.65954,3.64609,0.37461,0.37214
3.82,0.375,3.65962,3.64646,0.37462,0.3722
3.84,0.375,3.6597,3.64683,0.37463,0.37226
3.86,0.375,3.65977,3.64718,0.37464,0.37232
3.88,0.375,3.65985,3.64753,0.37465,0.37238
3.9,0.375,3.65992,3.64787,0.37466,0.37243
3.92,0.375,3.66,3.64821,0.37467,0.37249
3.94,0.375,3.66007,3.64854,0.37468,0.37254
3.96,0.375,3.66014,3.64886,0.37469,0.3726
3.98,0.375,3.66021,3.64917,0.3747,0.37265
4,0.375,3.66027,3.64948,0.37471,0.3727
4.02,0.375,3.66034,3.64978,0.37472,0.37275
4.04,0.375,3.66041,3.65008,0.37473,0.3728
4.06,0.375,3.66047,3.65036,0.37473,0.37285
4.08,0.375,3.66053,3.65065,0.37474,0.3729
4.1,0.375,3.66059,3.65093,0.37475,0.37294
4.12,0.375,3.66065,3.6512,0.37476,0.37299
4.14,0.375,3.66071,3.65146,0.37476,0.37303
4.16,0.375,3.66077,3.65172,0.37477,0.37308
4.18,0.375,3.66082,3.65198,0.37478,0.37312
4.2,0.375,3.66087,3.65223,0.37478,0.37316
4.22,0.375,3.66093,3.65247,0.37479,0.3732
4.24,0.375,3.66098,3.65271,0.37479,0.37324
4.26,0.375,3.66103,3.65295,0.3748,0.37328
4.28,0.375,3.66108,3.65318,0.3748,0.37332
4.3,0.375,3.66112,3.65341,0.37481,0.37336
4.32,0.375,3.66117,3.65363,0.37482,0.3734
4.34,0.375,3.66121,3.65384,0.37482,0.37343
4.36,0.375,3.66126,3.65405,0.37483,0.37347
4.38,0.375,3.6613,3.65426,0.37483,0.3735
4.4,0.375,3.66134,3.65446,0.37484,0.37354
4.42,0.375,3.66138,3.65466,0.37484,0.37357
4.44,0.375,3.66142,3.65486,0.37484,0.3736
4.46,0.375,3.66146,3.65505,0.37485,0.37363
4.48,0.375,3.66149,3.65523,0.37485,0.37366
4.5,0.375,3.66153,3.65542,0.37486,0.3737
4.52,0.375,3.66156,3.6556,0.37486,0.37373
4.54,0.375,3.66159,3.65577,0.37486,0.37375
4.56,0.375,3.66163,3.65594,0.37487,0.37378
4.58,0.375,3.66166,3.65611,0.37487,0.37381
4.6,0.375,3.66169,3.65628,0.37488,0.37384
4.62,0.375,3.66172,3.65644,0.37488,0.37387
4.64,0.375,3.66174,3.6566,0.37488,0.37389
4.66,0.375,3.66177,3.65675,0.37489,0.37392
4.68,0.375,3.6618,3.6569,0.37489,0.37394
4.7,0.375,3.66182,3.65705,0.37489,0.37397
4.72,0.375,3.66185,3.6572,0.37489,0.37399
4.74,0.375,3.66187,3.65734,0.3749,0.37402
4.76,0.375,3.6619,3.65748,0.3749,0.37404
4.78,0.375,3.66192,3.65761,0.3749,0.37406
4.8,0.375,3.66194,3.65775,0.37491,0.37409
4.82,0.375,3.66196,3.65788,0.37491,0.37411
4.84,0.375,3.66198,3.65801,0.37491,0.37413
4.86,0.375,3.662,3.65813,0.37491,0.37415
4.88,0.375,3.66202,3.65825,0.37492,0.37417
4.9,0.375,3.66204,3.65838,0.37492,0.37419
4.92,0.375,3.66206,3.65849,0.37492,0.37421
4.94,0.375,3.66208,3.65861,0.37492,0.37423
4.96,0.375,3.6621,3.65872,0.37492,0.37425
4.98,0.375,3.66212,3.65883,0.37493,0.37427
5,0.375,3.66213,3.65894,0.37493,0.37429
5.02,0.375,3.66215,3.65905,0.37493,0.3743
5.04,0.375,3.66216,3.65915,0.37493,0.37432
5.06,0.375,3.66218,3.65925,0.37493,0.37434
5.08,0.375,3.66219,3.65935,0.37494,0.37435
5.1,0.375,3.66221,3.65945,0.37494,0.37437
5.12,0.375,3.66222,3.65954,0.37494,0.37439
5.14,0.375,3.66224,3.65964,0.37494,0.3744
5.16,0.375,3.66225,3.65973,0.37494,0.37442
5.18,0.375,3.66226,3.65982,0.37494,0.37443
5.2,0.375,3.66228,3.65991,0.37495,0.37445
5.22,0.375,3.66229,3.65999,0.37495,0.37446
5.24,0.375,3.6623,3.66008,0.37495,0.37448
5.26,0.375,3.66231,3.66016,0.37495,0.37449
5.28,0.375,3.66232,3.66024,0.37495,0.3745
5.3,0.375,3.66233,3.66032,0.37495,0.37452
5.32,0.375,3.66235,3.6604,0.37495,0.37453
5.34,0.375,3.66236,3.66047,0.37496,0.37454
5.36,0.375,3.66237,3.66055,0.37496,0.37455
5.38,0.375,3.66238,3.66062,0.37496,0.37457
5.4,0.375,3.66239,3.66069,0.37496,0.37458
5.42,0.375,3.6624,3.66076,0.37496,0.37459
5.44,0.375,3.6624,3.66083,0.37496,0.3746
5.46,0.375,3.66241,3.6609,0.37496,0.37461
5.48,0.375,3.66242,3.66096,0.37496,0.37462
5.5,0.375,3.66243,3.66103,0.37496,0.37464
5.52,0.375,3.66244,3.66109,0.37497,0.37465
5.54,0.375,3.66245,3.66115,0.37497,0.37466
5.56,0.375,3.66245,3.66121,0.37497,0.37467
5.58,0.375,3.66246,3.66127,0.37497,0.37468
5.6,0.375,3.66247,3.66133,0.37497,0.37469
5.62,0.375,3.66248,3.66138,0.37497,0.3747
5.64,0.375,3.66248,3.66144,0.37497,0.3747
5.66,0.375,3.66249,3.66149,0.37497,0.37471
5.68,0.375,3.6625,3.66155,0.37497,0.37472
5.7,0.375,3.6625,3.6616,0.37497,0.37473
5.72,0.375,3.66251,3.66165,0.37497,0.37474
5.74,0.375,3.66252,3.6617,0.37497,0.37475
5.76,0.375,3.66252,3.66175,0.37498,0.37476
5.78,0.375,3.66253,3.6618,0.37498,0.37476
5.8,0.375,3.66253,3.66184,0.37498,0.37477
5.82,0.375,3.66254,3.66189,0.37498,0.37478
5.84,0.375,3.66254,3.66193,0.37498,0.37479
5.86,0.375,3.66255,3.66198,0.37498,0.37479
5.88,0.375,3.66255,3.66202,0.37498,0.3748
5.9,0.375,3.66256,3.66206,0.37498,0.37481
5.92,0.375,3.66256,3.6621,0.37498,0.37482
5.94,0.375,3.66257,3.66215,0.37498,0.37482
5.96,0.375,3.66257,3.66218,0.37498,0.37483
5.98,0.375,3.66258,3.66222,0.37498,0.37484
6,0.375,3.66258,3.66226,0.37498,0.37484
6.02,0.375,3.66258,3.6623,0.37498,0.37485
6.04,0.375,3.66259,3.66234,0.37498,0.37485
6.06,0.375,3.66259,3.66237,0.37498,0.37486
6.08,0.375,3.6626,3.66241,0.37498,0.37487
6.1,0.375,3.6626,3.66244,0.37498,0.37487
6.12,0.375,3.6626,3.66247,0.37499,0.37488
6.14,0.375,3.66261,3.66251,0.37499,0.37488
6.16,0.375,3.66261,3.66254,0.37499,0.37489
6.18,0.375,3.66261,3.66257,0.37499,0.37489
6.2,0.375,3.66262,3.6626,0.37499,0.3749
6.22,0.375,3.66262,3.66263,0.37499,0.3749
6.24,0.375,3.66262,3.66266,0.37499,0.37491
6.26,0.375,3.66262,3.66269,0.37499,0.37491
6.28,0.375,3.66263,3.66272,0.37499,0.37492
6.3,0.375,3.66263,3.66274,0.37499,0.37492
6.32,0.375,3.66263,3.66277,0.37499,0.37493
6.34,0.375,3.66263,3.6628,0.37499,0.37493
6.36,0.375,3.66264,3.66282,0.37499,0.37494
6.38,0.375,3.66264,3.66285,0.37499,0.37494
6.4,0.375,3.66264,3.66287,0.37499,0.37495
6.42,0.375,3.66264,3.6629,0.37499,0.37495
6.44,0.375,3.66265,3.66292,0.37499,0.37495
6.46,0.375,3.66265,3.66295,0.37499,0.37496
6.48,0.375,3.66265,3.66297,0.37499,0.37496
6.5,0.375,3.66265,3.66299,0.37499,0.37496
6.52,0.375,3.66266,3.66301,0.37499,0.37497
6.54,0.375,3.66266,3.66304,0.37499,0.37497
6.56,0.375,3.66266,3.66306,0.37499,0.37498
6.58,0.375,3.66266,3.66308,0.37499,0.37498
6.6,0.375,3.66266,3.6631,0.37499,0.37498
6.62,0.375,3.66266,3.66312,0.37499,0.37499
6.64,0.375,3.66267,3.66314,0.37499,0.37499
6.66,0.375,3.66267,3.66316,0.37499,0.37499
6.68,0.375,3.66267,3.66317,0.37499,0.375
6.7,0.375,3.66267,3.66319,0.37499,0.375
6.72,0.375,3.66267,3.66321,0.37499,0.375
6.74,0.375,3.66267,3.66323,0.37499,0.375
6.76,0.375,3.66268,3.66324,0.37499,0.37501
6.78,0.375,3.66268,3.66326,0.37499,0.37501
6.8,0.375,3.66268,3.66328,0.37499,0.37501
6.82,0.375,3.66268,3.66329,0.37499,0.37502
6.84,0.375,3.66268,3.66331,0.37499,0.37502
6.86,0.375,3.66268,3.66332,0.37499,0.37502
6.88,0.375,3.66268,3.66334,0.37499,0.37502
6.9,0.375,3.66268,3.66335,0.375,0.37503
6.92,0.375,3.66269,3.66337,0.375,0.37503
6.94,0.375,3.66269,3.66338,0.375,0.37503
6.96,0.375,3.66269,3.6634,0.375,0.37503
6.98,0.375,3.66269,3.66341,0.375,0.37504
7,0.375,3.66269,3.66342,0.375,0.37504
7.02,0.375,3.66269,3.66344,0.375,0.37504
7.04,0.375,3.66269,3.66345,0.375,0.37504
7.06,0.375,3.66269,3.66346,0.375,0.37504
7.08,0.375,3.66269,3.66347,0.375,0.37505
7.1,0.375,3.66269,3.66349,0.375,0.37505
7.12,0.375,3.6627,3.6635,0.375,0.37505
7.14,0.375,3.6627,3.66351,0.375,0.37505
7.16,0.375,3.6627,3.66352,0.375,0.37505
7.18,0.375,3.6627,3.66353,0.375,0.37506
7.2,0.375,3.6627,3.66354,0.375,0.37506
7.22,0.375,3.6627,3.66355,0.375,0.37506
7.24,0.375,3.6627,3.66356,0.375,0.37506
7.26,0.375,3.6627,3.66357,0.375,0.37506
7.28,0.375,3.6627,3.66358,0.375,0.37506
7.3,0.375,3.6627,3.66359,0.375,0.37507
7.32,0.375,3.6627,3.6636,0.375,0.37507
7.34,0.375,3.6627,3.66361,0.375,0.37507
7.36,0.375,3.6627,3.66362,0.375,0.37507
7.38,0.375,3.6627,3.66363,0.375,0.37507
7.4,0.375,3.6627,3.66364,0.375,0.37507
7.42,0.375,3.66271,3.66365,0.375,0.37507
7.44,0.375,3.66271,3.66366,0.375,0.37508
7.46,0.375,3.66271,3.66366,0.375,0.37508
7.48,0.375,3.66271,3.66367,0.375,0.37508
7.5,0.375,3.66271,3.66368,0.375,0.37508
7.52,0.375,3.66271,3.66369,0.375,0.37508
7.54,0.375,3.66271,3.66369,0.375,0.37508
7.56,0.375,3.66271,3.6637,0.375,0.37508
7.58,0.375,3.66271,3.66371,0.375,0.37509
7.6,0.375,3.66271,3.66372,0.375,0.37509
7.62,0.375,3.66271,3.66372,0.375,0.37509
7.64,0.375,3.66271,3.66373,0.375,0.37509
7.66,0.375,3.66271,3.66374,0.375,0.37509
7.68,0.375,3.66271,3.66374,0.375,0.37509
7.7,0.375,3.66271,3.66375,0.375,0.37509
7.72,0.375,3.66271,3.66376,0.375,0.37509
7.74,0.375,3.66271,3.66376,0.375,0.37509
7.76,0.375,3.66271,3.66377,0.375,0.3751
7.78,0.375,3.66271,3.66377,0.375,0.3751
7.8,0.375,3.66271,3.66378,0.375,0.3751
7.82,0.375,3.66271,3.66378,0.375,0.3751
7.84,0.375,3.66271,3.66379,0.375,0.3751
7.86,0.375,3.66271,3.6638,0.375,0.3751
7.88,0.375,3.66271,3.6638,0.375,0.3751
7.9,0.375,3.66272,3.66381,0.375,0.3751
7.92,0.375,3.66272,3.66381,0.375,0.3751
7.94,0.375,3.66272,3.66382,0.375,0.3751
7.96,0.375,3.66272,3.66382,0.375,0.3751
7.98,0.375,3.66272,3.66383,0.375,0.3751
8,0.375,3.66272,3.66383,0.375,0.37511
8.02,0.375,3.66272,3.66383,0.375,0.37511
8.04,0.375,3.66272,3.66384,0.375,0.37511
8.06,0.375,3.66272,3.66384,0.375,0.37511
8.08,0.375,3.66272,3.66385,0.375,0.37511
8.1,0.375,3.66272,3.66385,0.375,0.37511
8.12,0.375,3.66272,3.66386,0.375,0.37511
8.14,0.375,3.66272,3.66386,0.375,0.37511
8.16,0.375,3.66272,3.66386,0.375,0.37511
8.18,0.375,3.66272,3.66387,0.375,0.37511
8.2,0.375,3.66272,3.66387,0.375,0.37511
8.22,0.375,3.66272,3.66388,0.375,0.37511
8.24,0.375,3.66272,3.66388,0.375,0.37511
8.26,0.375,3.66272,3.66388,0.375,0.37511
8.28,0.375,3.66272,3.66389,0.375,0.37511
8.3,0.375,3.66272,3.66389,0.375,0.37512
8.32,0.375,3.66272,3.66389,0.375,0.37512
8.34,0.375,3.66272,3.6639,0.375,0.37512
8.36,0.375,3.66272,3.6639,0.375,0.37512
8.38,0.375,3.66272,3.6639,0.375,0.37512
8.4,0.375,3.66272,3.6639,0.375,0.37512
8.42,0.375,3.66272,3.66391,0.375,0.37512
8.44,0.375,3.66272,3.66391,0.375,0.37512
8.46,0.375,3.66272,3.66391,0.375,0.37512
8.48,0.375,3.66272,3.66392,0.375,0.37512
8.5,0.375,3.66272,3.66392,0.375,0.37512
8.52,0.375,3.66272,3.66392,0.375,0.37512
8.54,0.375,3.66272,3.66392,0.375,0.37512
8.56,0.375,3.66272,3.66393,0.375,0.37512
8.58,0.375,3.66272,3.66393,0.375,0.37512
8.6,0.375,3.66272,3.66393,0.375,0.37512
8.62,0.375,3.66272,3.66393,0.375,0.37512
8.64,0.375,3.66272,3.66394,0.375,0.37512
8.66,0.375,3.66272,3.66394,0.375,0.37512
8.68,0.375,3.66272,3.66394,0.375,0.37512
8.7,0.375,3.66272,3.66394,0.375,0.37512
8.72,0.375,3.66272,3.66395,0.375,0.37512
8.74,0.375,3.66272,3.66395,0.375,0.37513
8.76,0.375,3.66272,3.66395,0.375,0.37513
8.78,0.375,3.66272,3.66395,0.375,0.37513
8.8,0.375,3.66272,3.66395,0.375,0.37513
8.82,0.375,3.66272,3.66396,0.375,0.37513
8.84,0.375,3.66272,3.66396,0.375,0.37513
8.86,0.375,3.66272,3.66396,0.375,0.37513
8.88,0.375,3.66272,3.66396,0.375,0.37513
8.9,0.375,3.66272,3.66396,0.375,0.37513
8.92,0.375,3.66272,3.66397,0.375,0.37513
8.94,0.375,3.66272,3.66397,0.375,0.37513
8.96,0.375,3.66272,3.66397,0.375,0.37513
8.98,0.375,3.66272,3.66397,0.375,0.37513
9,0.375,3.66272,3.66397,0.375,0.37513
9.02,0.375,3.66272,3.66397,0.375,0.37513
9.04,0.375,3.66272,3.66398,0.375,0.37513
9.06,0.375,3.66272,3.66398,0.375,0.37513
9.08,0.375,3.66272,3.66398,0.375,0.37513
9.1,0.375,3.66272,3.66398,0.375,0.37513
9.12,0.375,3.66272,3.66398,0.375,0.37513
9.14,0.375,3.66272,3.66398,0.375,0.37513
9.16,0.375,3.66272,3.66398,0.375,0.37513
9.18,0.375,3.66272,3.66399,0.375,0.37513
9.2,0.375,3.66272,3.66399,0.375,0.37513
9.22,0.375,3.66272,3.66399,0.375,0.37513
9.24,0.375,3.66272,3.66399,0.375,0.37513
9.26,0.375,3.66272,3.66399,0.375,0.37513
9.28,0.375,3.66272,3.66399,0.375,0.37513
9.3,0.375,3.66272,3.66399,0.375,0.37513
9.32,0.375,3.66272,3.66399,0.375,0.37513
9.34,0.375,3.66272,3.66399,0.375,0.37513
9.36,0.375,3.66272,3.664,0.375,0.37513
9.38,0.375,3.66272,3.664,0.375,0.37513
9.4,0.375,3.66272,3.664,0.375,0.37513
9.42,0.375,3.66272,3.664,0.375,0.37513
9.44,0.375,3.66272,3.664,0.375,0.37513
9.46,0.375,3.66272,3.664,0.375,0.37513
9.48,0.375,3.66272,3.664,0.375,0.37513
9.5,0.375,3.66272,3.664,0.375,0.37513
9.52,0.375,3.66272,3.664,0.375,0.37513
9.54,0.375,3.66272,3.664,0.375,0.37513
9.56,0.375,3.66272,3.66401,0.375,0.37514
9.58,0.375,3.66272,3.66401,0.375,0.37514
9.6,0.375,3.66272,3.66401,0.375,0.37514
9.62,0.375,3.66272,3.66401,0.375,0.37514
9.64,0.375,3.66272,3.66401,0.375,0.37514
9.66,0.375,3.66272,3.66401,0.375,0.37514
9.68,0.375,3.66272,3.66401,0.375,0.37514
9.7,0.375,3.66272,3.66401,0.375,0.37514
9.72,0.375,3.66272,3.66401,0.375,0.37514
9.74,0.375,3.66272,3.66401,0.375,0.37514
9.76,0.375,3.66272,3.66401,0.375,0.37514
9.78,0.375,3.66272,3.66401,0.375,0.37514
9.8,0.375,3.66272,3.66402,0.375,0.37514
9.82,0.375,3.66272,3.66402,0.375,0.37514
9.84,0.375,3.66272,3.66402,0.375,0.37514
9.86,0.375,3.66272,3.66402,0.375,0.37514
9.88,0.375,3.66272,3.66402,0.375,0.37514
9.9,0.375,3.66272,3.66402,0.375,0.37514
9.92,0.375,3.66272,3.66402,0.375,0.37514
9.94,0.375,3.66272,3.66402,0.375,0.37514
9.96,0.375,3.66272,3.66402,0.375,0.37514
9.98,0.375,3.66272,3.66402,0.375,0.37514
10,-0.25,-135.67946,-135.77035,0.375,0.37514
10.02,-0.25,92.02612,92.08119,0.3475,0.34762
10.04,-0.25,-82.06228,-82.47683,0.3115,0.31304
10.06,-0.25,54.91245,54.66674,0.27743,0.28133
10.08,-0.25,-49.21468,-49.92115,0.23848,0.24596
10.1,-0.25,33.23484,32.69486,0.20111,0.21305
10.12,-0.25,-29.00866,-30.05206,0.1614,0.17882
10.14,-0.25,20.64218,19.75605,0.12336,0.14696
10.16,-0.25,-16.55567,-17.87712,0.08476,0.11523
10.18,-0.25,13.33994,12.12838,0.0481,0.08586
10.2,-0.25,-8.90416,-10.44271,0.01209,0.0575
10.22,-0.25,9.07263,7.60564,-0.02172,0.03146
10.24,-0.25,-4.26062,-5.94766,-0.05405,0.0069
10.26,-0.25,6.51096,4.88114,-0.08398,-0.01541
10.28,-0.25,-1.52455,-3.28186,-0.11196,-0.03603
10.3,-0.25,4.88205,3.18762,-0.13743,-0.05456
10.32,-0.25,-0.01132,-1.75677,-0.1607,-0.07137
10.34,-0.25,3.74603,2.08043,-0.18148,-0.08627
10.36,-0.25,0.71279,-0.94237,-0.20001,-0.09956
10.38,-0.25,2.86088,1.3063,-0.21615,-0.11117
10.4,-0.25,0.92862,-0.56775,-0.23013,-0.12132
10.42,-0.25,2.10069,0.72418,-0.24191,-0.13005
10.44,-0.25,0.82249,-0.4606,-0.25171,-0.13752
10.46,-0.25,1.40622,0.25775,-0.25957,-0.14381
10.48,-0.25,0.52097,-0.5104,-0.26568,-0.14907
10.5,-0.25,0.7552,-0.13284,-0.27014,-0.15338
10.52,-0.25,0.1117,-0.64594,-0.27313,-0.15686
10.54,-0.25,0.14443,-0.46767,-0.27478,-0.15961
10.56,-0.25,-0.34401,-0.8215,-0.27525,-0.16173
10.58,-0.25,-0.42064,-0.75661,-0.27468,-0.1633
10.6,-0.25,-0.80333,-1.00816,-0.27322,-0.16442
10.62,-0.25,-0.93198,-1.00476,-0.27099,-0.16516
10.64,-0.25,-1.23702,-1.18825,-0.26815,-0.16559
10.66,-0.25,-1.3823,-1.21535,-0.2648,-0.16577
10.68,-0.25,-1.62605,-1.3517,-0.26107,-0.16576
10.7,-0.25,-1.76668,-1.39117,-0.25707,-0.16561
10.72,-0.25,-1.95927,-1.49356,-0.25289,-0.16537
10.74,-0.25,-2.08313,-1.53519,-0.24862,-0.16506
10.76,-0.25,-2.23161,-1.61227,-0.24435,-0.16473
10.78,-0.25,-2.33264,-1.6507,-0.24015,-0.1644
10.8,-0.25,-2.44262,-1.70847,-0.23607,-0.1641
10.82,-0.25,-2.51875,-1.74127,-0.23217,-0.16384
10.84,-0.25,-2.59532,-1.78412,-0.2285,-0.16364
10.86,-0.25,-2.64709,-1.81057,-0.22508,-0.1635
10.88,-0.25,-2.69512,-1.84187,-0.22195,-0.16344
10.9,-0.25,-2.72473,-1.86226,-0.21913,-0.16347
10.92,-0.25,-2.749,-1.88467,-0.21663,-0.16358
10.94,-0.25,-2.75959,-1.89978,-0.21445,-0.16377
10.96,-0.25,-2.76477,-1.91547,-0.21261,-0.16406
10.98,-0.25,-2.75993,-1.92626,-0.2111,-0.16442
11,-0.25,-2.75044,-1.937,-0.2099,-0.16487
11.02,-0.25,-2.7339,-1.94449,-0.20902,-0.16539
11.04,-0.25,-2.71383,-1.95171,-0.20843,-0.16599
11.06,-0.25,-2.68911,-1.95683,-0.20812,-0.16665
11.08,-0.25,-2.66214,-1.96168,-0.20807,-0.16738
11.1,-0.25,-2.63248,-1.96523,-0.20827,-0.16815
11.12,-0.25,-2.60177,-1.96862,-0.20868,-0.16898
11.14,-0.25,-2.56994,-1.97126,-0.20929,-0.16986
11.16,-0.25,-2.53813,-1.97387,-0.21008,-0.17077
11.18,-0.25,-2.50644,-1.97611,-0.21102,-0.17171
11.2,-0.25,-2.47563,-1.97845,-0.21209,-0.17268
11.22,-0.25,-2.44585,-1.98068,-0.21327,-0.17367
11.24,-0.25,-2.41763,-1.9831,-0.21453,-0.17468
11.26,-0.25,-2.39107,-1.98558,-0.21587,-0.1757
11.28,-0.25,-2.36652,-1.9883,-0.21726,-0.17673
11.3,-0.25,-2.34403,-1.99118,-0.21868,-0.17777
11.32,-0.25,-2.3238,-1.99434,-0.22011,-0.17881
11.34,-0.25,-2.30585,-1.99772,-0.22155,-0.17985
11.36,-0.25,-2.29023,-2.00137,-0.22298,-0.18088
11.38,-0.25,-2.27692,-2.00526,-0.22439,-0.18191
11.4,-0.25,-2.26591,-2.00941,-0.22577,-0.18293
11.42,-0.25,-2.2571,-2.01378,-0.2271,-0.18394
11.44,-0.25,-2.25044,-2.01839,-0.22838,-0.18494
11.46,-0.25,-2.24579,-2.0232,-0.22962,-0.18593
11.48,-0.25,-2.24304,-2.02821,-0.23079,-0.1869
11.5,-0.25,-2.24205,-2.03339,-0.2319,-0.18786
11.52,-0.25,-2.24269,-2.03873,-0.23294,-0.18881
11.54,-0.25,-2.2448,-2.04419,-0.23392,-0.18974
11.56,-0.25,-2.24822,-2.04977,-0.23483,-0.19066
11.58,-0.25,-2.2528,-2.05545,-0.23567,-0.19156
11.6,-0.25,-2.25839,-2.0612,-0.23645,-0.19244
11.62,-0.25,-2.26484,-2.06701,-0.23716,-0.19331
11.64,-0.25,-2.272,-2.07286,-0.23781,-0.19417
11.66,-0.25,-2.27972,-2.07873,-0.2384,-0.19501
11.68,-0.25,-2.28789,-2.08461,-0.23893,-0.19584
11.7,-0.25,-2.29638,-2.09048,-0.23941,-0.19665
11.72,-0.25,-2.30506,-2.09634,-0.23984,-0.19745
11.74,-0.25,-2.31384,-2.10217,-0.24022,-0.19823
11.76,-0.25,-2.32262,-2.10796,-0.24057,-0.199
11.78,-0.25,-2.33132,-2.1137,-0.24087,-0.19976
11.8,-0.25,-2.33985,-2.11939,-0.24114,-0.20051
11.82,-0.25,-2.34816,-2.12502,-0.24137,-0.20124
11.84,-0.25,-2.35618,-2.13057,-0.24158,-0.20197
11.86,-0.25,-2.36388,-2.13606,-0.24177,-0.20268
11.88,-0.25,-2.37121,-2.14146,-0.24193,-0.20338
11.9,-0.25,-2.37815,-2.14679,-0.24208,-0.20407
11.92,-0.25,-2.38467,-2.15204,-0.24221,-0.20475
11.94,-0.25,-2.39075,-2.1572,-0.24233,-0.20542
11.96,-0.25,-2.3964,-2.16228,-0.24245,-0.20608
11.98,-0.25,-2.40161,-2.16727,-0.24255,-0.20673
12,-0.25,-2.40638,-2.17218,-0.24265,-0.20737
12.02,-0.25,-2.41073,-2.177,-0.24274,-0.20801
12.04,-0.25,-2.41466,-2.18174,-0.24284,-0.20863
12.06,-0.25,-2.41819,-2.1864,-0.24293,-0.20925
12.08,-0.25,-2.42134,-2.19097,-0.24303,-0.20985
12.1,-0.25,-2.42413,-2.19547,-0.24312,-0.21045
12.12,-0.25,-2.42659,-2.19988,-0.24322,-0.21104
12.14,-0.25,-2.42873,-2.20422,-0.24332,-0.21163
12.16,-0.25,-2.43059,-2.20848,-0.24342,-0.2122
12.18,-0.25,-2.43219,-2.21266,-0.24353,-0.21277
12.2,-0.25,-2.43355,-2.21678,-0.24364,-0.21333
12.22,-0.25,-2.4347,-2.22082,-0.24376,-0.21388
12.24,-0.25,-2.43567,-2.2248,-0.24388,-0.21443
12.26,-0.25,-2.43648,-2.22871,-0.244,-0.21496
12.28,-0.25,-2.43714,-2.23255,-0.24412,-0.21549
12.3,-0.25,-2.4377,-2.23633,-0.24425,-0.21602
12.32,-0.25,-2.43815,-2.24005,-0.24438,-0.21653
12.34,-0.25,-2.43853,-2.24371,-0.24451,-0.21704
12.36,-0.25,-2.43885,-2.24731,-0.24465,-0.21755
12.38,-0.25,-2.43912,-2.25085,-0.24478,-0.21804
12.4,-0.25,-2.43937,-2.25434,-0.24492,-0.21853
12.42,-0.25,-2.4396,-2.25777,-0.24506,-0.21901
12.44,-0.25,-2.43982,-2.26115,-0.24519,-0.21949
12.46,-0.25,-2.44004,-2.26447,-0.24533,-0.21996
12.48,-0.25,-2.44028,-2.26775,-0.24546,-0.22042
12.5,-0.25,-2.44054,-2.27097,-0.2456,-0.22088
12.52,-0.25,-2.44082,-2.27414,-0.24573,-0.22133
12.54,-0.25,-2.44113,-2.27727,-0.24586,-0.22177
12.56,-0.25,-2.44147,-2.28035,-0.24598,-0.22221
12.58,-0.25,-2.44184,-2.28338,-0.24611,-0.22264
12.6,-0.25,-2.44225,-2.28636,-0.24623,-0.22306
12.62,-0.25,-2.44269,-2.2893,-0.24635,-0.22348
12.64,-0.25,-2.44317,-2.2922,-0.24647,-0.22389
12.66,-0.25,-2.44368,-2.29505,-0.24658,-0.2243
12.68,-0.25,-2.44422,-2.29786,-0.24669,-0.2247
12.7,-0.25,-2.44478,-2.30063,-0.24679,-0.22509
12.72,-0.25,-2.44538,-2.30335,-0.2469,-0.22548
12.74,-0.25,-2.446,-2.30603,-0.247,-0.22586
12.76,-0.25,-2.44664,-2.30867,-0.24709,-0.22624
12.78,-0.25,-2.4473,-2.31128,-0.24718,-0.22661
12.8,-0.25,-2.44797,-2.31384,-0.24727,-0.22698
12.82,-0.25,-2.44865,-2.31636,-0.24735,-0.22734
12.84,-0.25,-2.44934,-2.31884,-0.24744,-0.22769
12.86,-0.25,-2.45003,-2.32129,-0.24751,-0.22804
12.88,-0.25,-2.45073,-2.32369,-0.24759,-0.22839
12.9,-0.25,-2.45143,-2.32606,-0.24766,-0.22873
12.92,-0.25,-2.45212,-2.3284,-0.24773,-0.22906
12.94,-0.25,-2.4528,-2.33069,-0.24779,-0.22939
12.96,-0.25,-2.45348,-2.33296,-0.24786,-0.22971
12.98,-0.25,-2.45414,-2.33518,-0.24792,-0.23003
13,-0.25,-2.45479,-2.33737,-0.24798,-0.23035
13.02,-0.25,-2.45543,-2.33953,-0.24803,-0.23066
13.04,-0.25,-2.45605,-2.34165,-0.24809,-0.23096
13.06,-0.25,-2.45665,-2.34374,-0.24814,-0.23126
13.08,-0.25,-2.45723,-2.34579,-0.24819,-0.23156
13.1,-0.25,-2.4578,-2.34782,-0.24824,-0.23185
13.12,-0.25,-2.45835,-2.34981,-0.24828,-0.23213
13.14,-0.25,-2.45887,-2.35177,-0.24833,-0.23242
13.16,-0.25,-2.45938,-2.35369,-0.24837,-0.23269
13.18,-0.25,-2.45986,-2.35559,-0.24842,-0.23297
13.2,-0.25,-2.46033,-2.35746,-0.24846,-0.23323
13.22,-0.25,-2.46078,-2.35929,-0.2485,-0.2335
13.24,-0.25,-2.46121,-2.3611,-0.24853,-0.23376
13.26,-0.25,-2.46161,-2.36288,-0.24857,-0.23402
13.28,-0.25,-2.462,-2.36462,-0.24861,-0.23427
13.3,-0.25,-2.46238,-2.36635,-0.24864,-0.23452
13.32,-0.25,-2.46273,-2.36804,-0.24868,-0.23476
13.34,-0.25,-2.46307,-2.3697,-0.24871,-0.235
13.36,-0.25,-2.4634,-2.37134,-0.24875,-0.23524
13.38,-0.25,-2.46371,-2.37295,-0.24878,-0.23547
13.4,-0.25,-2.464,-2.37454,-0.24881,-0.2357
13.42,-0.25,-2.46429,-2.3761,-0.24884,-0.23593
13.44,-0.25,-2.46456,-2.37763,-0.24887,-0.23615
13.46,-0.25,-2.46481,-2.37914,-0.2489,-0.23637
13.48,-0.25,-2.46506,-2.38063,-0.24893,-0.23658
13.5,-0.25,-2.4653,-2.38209,-0.24896,-0.2368
13.52,-0.25,-2.46553,-2.38352,-0.24898,-0.237
13.54,-0.25,-2.46575,-2.38494,-0.24901,-0.23721
13.56,-0.25,-2.46597,-2.38632,-0.24904,-0.23741
13.58,-0.25,-2.46617,-2.38769,-0.24906,-0.23761
13.6,-0.25,-2.46637,-2.38904,-0.24909,-0.23781
13.62,-0.25,-2.46656,-2.39036,-0.24911,-0.238
13.64,-0.25,-2.46675,-2.39166,-0.24914,-0.23819
13.66,-0.25,-2.46693,-2.39294,-0.24916,-0.23837
13.68,-0.25,-2.46711,-2.3942,-0.24918,-0.23856
13.7,-0.25,-2.46728,-2.39543,-0.24921,-0.23874
13.72,-0.25,-2.46745,-2.39665,-0.24923,-0.23891
13.74,-0.25,-2.46761,-2.39785,-0.24925,-0.23909
13.76,-0.25,-2.46777,-2.39902,-0.24927,-0.23926
13.78,-0.25,-2.46793,-2.40018,-0.24929,-0.23943
13.8,-0.25,-2.46808,-2.40132,-0.24931,-0.23959
13.82,-0.25,-2.46824,-2.40244,-0.24933,-0.23976
13.84,-0.25,-2.46838,-2.40354,-0.24935,-0.23992
13.86,-0.25,-2.46853,-2.40462,-0.24937,-0.24008
13.88,-0.25,-2.46867,-2.40569,-0.24938,-0.24023
13.9,-0.25,-2.46881,-2.40673,-0.2494,-0.24038
13.92,-0.25,-2.46894,-2.40776,-0.24942,-0.24054
13.94,-0.25,-2.46908,-2.40878,-0.24943,-0.24068
13.96,-0.25,-2.46921,-2.40977,-0.24945,-0.24083
13.98,-0.25,-2.46934,-2.41075,-0.24947,-0.24097
14,-0.25,-2.46946,-2.41171,-0.24948,-0.24111
14.02,-0.25,-2.46959,-2.41266,-0.2495,-0.24125
14.04,-0.25,-2.46971,-2.41359,-0.24951,-0.24139
14.06,-0.25,-2.46982,-2.41451,-0.24952,-0.24152
14.08,-0.25,-2.46994,-2.41541,-0.24954,-0.24165
14.1,-0.25,-2.47005,-2.41629,-0.24955,-0.24178
14.12,-0.25,-2.47016,-2.41716,-0.24956,-0.24191
14.14,-0.25,-2.47027,-2.41802,-0.24957,-0.24204
14.16,-0.25,-2.47037,-2.41886,-0.24959,-0.24216
14.18,-0.25,-2.47048,-2.41968,-0.2496,-0.24228
14.2,-0.25,-2.47058,-2.4205,-0.24961,-0.2424
14.22,-0.25,-2.47067,-2.4213,-0.24962,-0.24252
14.24,-0.25,-2.47077,-2.42208,-0.24963,-0.24263
14.26,-0.25,-2.47086,-2.42286,-0.24964,-0.24275
14.28,-0.25,-2.47095,-2.42362,-0.24965,-0.24286
14.3,-0.25,-2.47104,-2.42436,-0.24966,-0.24297
14.32,-0.25,-2.47112,-2.4251,-0.24967,-0.24307
14.34,-0.25,-2.4712,-2.42582,-0.24968,-0.24318
14.36,-0.25,-2.47128,-2.42653,-0.24969,-0.24328
14.38,-0.25,-2.47136,-2.42723,-0.24969,-0.24339
14.4,-0.25,-2.47144,-2.42791,-0.2497,-0.24349
14.42,-0.25,-2.47151,-2.42859,-0.24971,-0.24359
14.44,-0.25,-2.47158,-2.42925,-0.24972,-0.24368
14.46,-0.25,-2.47165,-2.4299,-0.24973,-0.24378
14.48,-0.25,-2.47172,-2.43055,-0.24973,-0.24387
14.5,-0.25,-2.47178,-2.43118,-0.24974,-0.24397
14.52,-0.25,-2.47184,-2.4318,-0.24975,-0.24406
14.54,-0.25,-2.47191,-2.4324,-0.24975,-0.24415
14.56,-0.25,-2.47196,-2.433,-0.24976,-0.24424
14.58,-0.25,-2.47202,-2.43359,-0.24977,-0.24432
14.6,-0.25,-2.47208,-2.43417,-0.24977,-0.24441
14.62,-0.25,-2.47213,-2.43474,-0.24978,-0.24449
14.64,-0.25,-2.47218,-2.4353,-0.24979,-0.24457
14.66,-0.25,-2.47223,-2.43585,-0.24979,-0.24465
14.68,-0.25,-2.47228,-2.43639,-0.2498,-0.24473
14.7,-0.25,-2.47233,-2.43692,-0.2498,-0.24481
14.72,-0.25,-2.47238,-2.43744,-0.24981,-0.24489
14.74,-0.25,-2.47242,-2.43795,-0.24981,-0.24496
14.76,-0.25,-2.47247,-2.43846,-0.24982,-0.24504
14.78,-0.25,-2.47251,-2.43896,-0.24982,-0.24511
14.8,-0.25,-2.47255,-2.43944,-0.24983,-0.24518
14.82,-0.25,-2.47259,-2.43992,-0.24983,-0.24525
14.84,-0.25,-2.47263,-2.44039,-0.24984,-0.24532
14.86,-0.25,-2.47267,-2.44086,-0.24984,-0.24539
14.88,-0.25,-2.47271,-2.44131,-0.24985,-0.24546
14.9,-0.25,-2.47274,-2.44176,-0.24985,-0.24553
14.92,-0.25,-2.47278,-2.4422,-0.24985,-0.24559
14.94,-0.25,-2.47281,-2.44263,-0.24986,-0.24565
14.96,-0.25,-2.47284,-2.44306,-0.24986,-0.24572
14.98,-0.25,-2.47288,-2.44347,-0.24987,-0.24578
15,-0.25,-2.47291,-2.44388,-0.24987,-0.24584
15.02,-0.25,-2.47294,-2.44429,-0.24987,-0.2459
15.04,-0.25,-2.47297,-2.44468,-0.24988,-0.24596
15.06,-0.25,-2.473,-2.44507,-0.24988,-0.24601
15.08,-0.25,-2.47303,-2.44546,-0.24988,-0.24607
15.1,-0.25,-2.47305,-2.44583,-0.24989,-0.24613
15.12,-0.25,-2.47308,-2.4462,-0.24989,-0.24618
15.14,-0.25,-2.47311,-2.44657,-0.24989,-0.24623
15.16,-0.25,-2.47313,-2.44692,-0.2499,-0.24629
15.18,-0.25,-2.47316,-2.44728,-0.2499,-0.24634
15.2,-0.25,-2.47318,-2.44762,-0.2499,-0.24639
15.22,-0.25,-2.4732,-2.44796,-0.2499,-0.24644
15.24,-0.25,-2.47323,-2.4483,-0.24991,-0.24649
15.26,-0.25,-2.47325,-2.44862,-0.24991,-0.24654
15.28,-0.25,-2.47327,-2.44895,-0.24991,-0.24659
15.3,-0.25,-2.47329,-2.44926,-0.24991,-0.24663
15.32,-0.25,-2.47331,-2.44957,-0.24992,-0.24668
15.34,-0.25,-2.47333,-2.44988,-0.24992,-0.24672
15.36,-0.25,-2.47335,-2.45018,-0.24992,-0.24677
15.38,-0.25,-2.47337,-2.45048,-0.24992,-0.24681
15.4,-0.25,-2.47339,-2.45077,-0.24993,-0.24686
15.42,-0.25,-2.47341,-2.45105,-0.24993,-0.2469
15.44,-0.25,-2.47342,-2.45133,-0.24993,-0.24694
15.46,-0.25,-2.47344,-2.45161,-0.24993,-0.24698
15.48,-0.25,-2.47346,-2.45188,-0.24993,-0.24702
15.5,-0.25,-2.47347,-2.45215,-0.24994,-0.24706
15.52,-0.25,-2.47349,-2.45241,-0.24994,-0.2471
15.54,-0.25,-2.4735,-2.45267,-0.24994,-0.24714
15.56,-0.25,-2.47352,-2.45292,-0.24994,-0.24717
15.58,-0.25,-2.47353,-2.45317,-0.24994,-0.24721
15.6,-0.25,-2.47355,-2.45341,-0.24994,-0.24725
15.62,-0.25,-2.47356,-2.45365,-0.24994,-0.24728
15.64,-0.25,-2.47357,-2.45389,-0.24995,-0.24732
15.66,-0.25,-2.47359,-2.45412,-0.24995,-0.24735
15.68,-0.25,-2.4736,-2.45435,-0.24995,-0.24738
15.7,-0.25,-2.47361,-2.45457,-0.24995,-0.24742
15.72,-0.25,-2.47362,-2.45479,-0.24995,-0.24745
15.74,-0.25,-2.47363,-2.45501,-0.24995,-0.24748
15.76,-0.25,-2.47364,-2.45522,-0.24995,-0.24751
15.78,-0.25,-2.47366,-2.45543,-0.24996,-0.24754
15.8,-0.25,-2.47367,-2.45564,-0.24996,-0.24758
15.82,-0.25,-2.47368,-2.45584,-0.24996,-0.24761
15.84,-0.25,-2.47369,-2.45604,-0.24996,-0.24763
15.86,-0.25,-2.4737,-2.45623,-0.24996,-0.24766
15.88,-0.25,-2.47371,-2.45642,-0.24996,-0.24769
15.9,-0.25,-2.47371,-2.45661,-0.24996,-0.24772
15.92,-0.25,-2.47372,-2.4568,-0.24996,-0.24775
15.94,-0.25,-2.47373,-2.45698,-0.24996,-0.24777
15.96,-0.25,-2.47374,-2.45716,-0.24997,-0.2478
15.98,-0.25,-2.47375,-2.45733,-0.24997,-0.24783
16,-0.25,-2.47376,-2.45751,-0.24997,-0.24785
16.02,-0.25,-2.47376,-2.45768,-0.24997,-0.24788
16.04,-0.25,-2.47377,-2.45784,-0.24997,-0.2479
16.06,-0.25,-2.47378,-2.45801,-0.24997,-0.24793
16.08,-0.25,-2.47379,-2.45817,-0.24997,-0.24795
16.1,-0.25,-2.47379,-2.45833,-0.24997,-0.24797
16.12,-0.25,-2.4738,-2.45848,-0.24997,-0.248
16.14,-0.25,-2.47381,-2.45863,-0.24997,-0.24802
16.16,-0.25,-2.47381,-2.45878,-0.24997,-0.24804
16.18,-0.25,-2.47382,-2.45893,-0.24997,-0.24806
16.2,-0.25,-2.47382,-2.45908,-0.24998,-0.24808
16.22,-0.25,-2.47383,-2.45922,-0.24998,-0.24811
16.24,-0.25,-2.47384,-2.45936,-0.24998,-0.24813
16.26,-0.25,-2.47384,-2.4595,-0.24998,-0.24815
16.28,-0.25,-2.47385,-2.45963,-0.24998,-0.24817
16.3,-0.25,-2.47385,-2.45977,-0.24998,-0.24819
16.32,-0.25,-2.47386,-2.4599,-0.24998,-0.24821
16.34,-0.25,-2.47386,-2.46002,-0.24998,-0.24823
16.36,-0.25,-2.47387,-2.46015,-0.24998,-0.24824
16.38,-0.25,-2.47387,-2.46027,-0.24998,-0.24826
16.4,-0.25,-2.47388,-2.4604,-0.24998,-0.24828
16.42,-0.25,-2.47388,-2.46052,-0.24998,-0.2483
16.44,-0.25,-2.47389,-2.46063,-0.24998,-0.24832
16.46,-0.25,-2.47389,-2.46075,-0.24998,-0.24833
16.48,-0.25,-2.47389,-2.46086,-0.24998,-0.24835
16.5,-0.25,-2.4739,-2.46097,-0.24998,-0.24837
16.52,-0.25,-2.4739,-2.46108,-0.24998,-0.24838
16.54,-0.25,-2.47391,-2.46119,-0.24998,-0.2484
16.56,-0.25,-2.47391,-2.4613,-0.24999,-0.24841
16.58,-0.25,-2.47391,-2.4614,-0.24999,-0.24843
16.6,-0.25,-2.47392,-2.4615,-0.24999,-0.24844
16.62,-0.25,-2.47392,-2.46161,-0.24999,-0.24846
16.64,-0.25,-2.47392,-2.4617,-0.24999,-0.24847
16.66,-0.25,-2.47393,-2.4618,-0.24999,-0.24849
16.68,-0.25,-2.47393,-2.4619,-0.24999,-0.2485
16.7,-0.25,-2.47393,-2.46199,-0.24999,-0.24852
16.72,-0.25,-2.47394,-2.46208,-0.24999,-0.24853
16.74,-0.25,-2.47394,-2.46217,-0.24999,-0.24854
16.76,-0.25,-2.47394,-2.46226,-0.24999,-0.24856
16.78,-0.25,-2.47394,-2.46235,-0.24999,-0.24857
16.8,-0.25,-2.47395,-2.46244,-0.24999,-0.24858
16.82,-0.25,-2.47395,-2.46252,-0.24999,-0.2486
16.84,-0.25,-2.47395,-2.4626,-0.24999,-0.24861
16.86,-0.25,-2.47395,-2.46269,-0.24999,-0.24862
16.88,-0.25,-2.47396,-2.46277,-0.24999,-0.24863
16.9,-0.25,-2.47396,-2.46284,-0.24999,-0.24864
16.92,-0.25,-2.47396,-2.46292,-0.24999,-0.24865
16.94,-0.25,-2.47396,-2.463,-0.24999,-0.24867
16.96,-0.25,-2.47396,-2.46307,-0.24999,-0.24868
16.98,-0.25,-2.47397,-2.46315,-0.24999,-0.24869
17,-0.25,-2.47397,-2.46322,-0.24999,-0.2487
17.02,-0.25,-2.47397,-2.46329,-0.24999,-0.24871
17.04,-0.25,-2.47397,-2.46336,-0.24999,-0.24872
17.06,-0.25,-2.47397,-2.46343,-0.24999,-0.24873
17.08,-0.25,-2.47398,-2.46349,-0.24999,-0.24874
17.1,-0.25,-2.47398,-2.46356,-0.24999,-0.24875
17.12,-0.25,-2.47398,-2.46363,-0.24999,-0.24876
17.14,-0.25,-2.47398,-2.46369,-0.24999,-0.24877
17.16,-0.25,-2.47398,-2.46375,-0.24999,-0.24878
17.18,-0.25,-2.47398,-2.46381,-0.24999,-0.24879
17.2,-0.25,-2.47399,-2.46387,-0.24999,-0.2488
17.22,-0.25,-2.47399,-2.46393,-0.24999,-0.2488
17.24,-0.25,-2.47399,-2.46399,-0.24999,-0.24881
17.26,-0.25,-2.47399,-2.46405,-0.24999,-0.24882
17.28,-0.25,-2.47399,-2.46411,-0.24999,-0.24883
17.3,-0.25,-2.47399,-2.46416,-0.24999,-0.24884
17.32,-0.25,-2.47399,-2.46422,-0.24999,-0.24885
17.34,-0.25,-2.474,-2.46427,-0.24999,-0.24885
17.36,-0.25,-2.474,-2.46432,-0.25,-0.24886
17.38,-0.25,-2.474,-2.46437,-0.25,-0.24887
17.4,-0.25,-2.474,-2.46443,-0.25,-0.24888
17.42,-0.25,-2.474,-2.46448,-0.25,-0.24889
17.44,-0.25,-2.474,-2.46452,-0.25,-0.24889
17.46,-0.25,-2.474,-2.46457,-0.25,-0.2489
17.48,-0.25,-2.474,-2.46462,-0.25,-0.24891
17.5,-0.25,-2.474,-2.46467,-0.25,-0.24891
17.52,-0.25,-2.47401,-2.46471,-0.25,-0.24892
17.54,-0.25,-2.47401,-2.46476,-0.25,-0.24893
17.56,-0.25,-2.47401,-2.4648,-0.25,-0.24893
17.58,-0.25,-2.47401,-2.46485,-0.25,-0.24894
17.6,-0.25,-2.47401,-2.46489,-0.25,-0.24895
17.62,-0.25,-2.47401,-2.46493,-0.25,-0.24895
17.64,-0.25,-2.47401,-2.46497,-0.25,-0.24896
17.66,-0.25,-2.47401,-2.46501,-0.25,-0.24896
17.68,-0.25,-2.47401,-2.46505,-0.25,-0.24897
17.7,-0.25,-2.47401,-2.46509,-0.25,-0.24898
17.72,-0.25,-2.47401,-2.46513,-0.25,-0.24898
17.74,-0.25,-2.47401,-2.46517,-0.25,-0.24899
17.76,-0.25,-2.47401,-2.4652,-0.25,-0.24899
17.78,-0.25,-2.47402,-2.46524,-0.25,-0.249
17.8,-0.25,-2.47402,-2.46528,-0.25,-0.249
17.82,-0.25,-2.47402,-2.46531,-0.25,-0.24901
17.84,-0.25,-2.47402,-2.46535,-0.25,-0.24901
17.86,-0.25,-2.47402,-2.46538,-0.25,-0.24902
17.88,-0.25,-2.47402,-2.46541,-0.25,-0.24902
17.9,-0.25,-2.47402,-2.46545,-0.25,-0.24903
17.92,-0.25,-2.47402,-2.46548,-0.25,-0.24903
17.94,-0.25,-2.47402,-2.46551,-0.25,-0.24904
17.96,-0.25,-2.47402,-2.46554,-0.25,-0.24904
17.98,-0.25,-2.47402,-2.46557,-0.25,-0.24905
18,-0.25,-2.47402,-2.4656,-0.25,-0.24905
18.02,-0.25,-2.47402,-2.46563,-0.25,-0.24906
18.04,-0.25,-2.47402,-2.46566,-0.25,-0.24906
18.06,-0.25,-2.47402,-2.46569,-0.25,-0.24907
18.08,-0.25,-2.47402,-2.46572,-0.25,-0.24907
18.1,-0.25,-2.47402,-2.46575,-0.25,-0.24907
18.12,-0.25,-2.47402,-2.46577,-0.25,-0.24908
18.14,-0.25,-2.47402,-2.4658,-0.25,-0.24908
18.16,-0.25,-2.47403,-2.46583,-0.25,-0.24909
18.18,-0.25,-2.47403,-2.46585,-0.25,-0.24909
18.2,-0.25,-2.47403,-2.46588,-0.25,-0.24909
18.22,-0.25,-2.47403,-2.4659,-0.25,-0.2491
18.24,-0.25,-2.47403,-2.46593,-0.25,-0.2491
18.26,-0.25,-2.47403,-2.46595,-0.25,-0.2491
18.28,-0.25,-2.47403,-2.46597,-0.25,-0.24911
18.3,-0.25,-2.47403,-2.466,-0.25,-0.24911
18.32,-0.25,-2.47403,-2.46602,-0.25,-0.24911
18.34,-0.25,-2.47403,-2.46604,-0.25,-0.24912
18.36,-0.25,-2.47403,-2.46606,-0.25,-0.24912
18.38,-0.25,-2.47403,-2.46609,-0.25,-0.24912
18.4,-0.25,-2.47403,-2.46611,-0.25,-0.24913
18.42,-0.25,-2.47403,-2.46613,-0.25,-0.24913
18.44,-0.25,-2.47403,-2.46615,-0.25,-0.24913
18.46,-0.25,-2.47403,-2.46617,-0.25,-0.24914
18.48,-0.25,-2.47403,-2.46619,-0.25,-0.24914
18.5,-0.25,-2.47403,-2.46621,-0.25,-0.24914
18.52,-0.25,-2.47403,-2.46623,-0.25,-0.24914
18.54,-0.25,-2.47403,-2.46625,-0.25,-0.24915
18.56,-0.25,-2.47403,-2.46626,-0.25,-0.24915
18.58,-0.25,-2.47403,-2.46628,-0.25,-0.24915
18.6,-0.25,-2.47403,-2.4663,-0.25,-0.24916
18.62,-0.25,-2.47403,-2.46632,-0.25,-0.24916
18.64,-0.25,-2.47403,-2.46633,-0.25,-0.24916
18.66,-0.25,-2.47403,-2.46635,-0.25,-0.24916
18.68,-0.25,-2.47403,-2.46637,-0.25,-0.24917
18.7,-0.25,-2.47403,-2.46638,-0.25,-0.24917
18.72,-0.25,-2.47403,-2.4664,-0.25,-0.24917
18.74,-0.25,-2.47403,-2.46642,-0.25,-0.24917
18.76,-0.25,-2.47403,-2.46643,-0.25,-0.24918
18.78,-0.25,-2.47403,-2.46645,-0.25,-0.24918
18.8,-0.25,-2.47403,-2.46646,-0.25,-0.24918
18.82,-0.25,-2.47403,-2.46648,-0.25,-0.24918
18.84,-0.25,-2.47403,-2.46649,-0.25,-0.24918
18.86,-0.25,-2.47403,-2.4665,-0.25,-0.24919
18.88,-0.25,-2.47403,-2.46652,-0.25,-0.24919
18.9,-0.25,-2.47403,-2.46653,-0.25,-0.24919
18.92,-0.25,-2.47403,-2.46655,-0.25,-0.24919
18.94,-0.25,-2.47403,-2.46656,-0.25,-0.24919
18.96,-0.25,-2.47403,-2.46657,-0.25,-0.2492
18.98,-0.25,-2.47404,-2.46658,-0.25,-0.2492
19,-0.25,-2.47404,-2.4666,-0.25,-0.2492
19.02,-0.25,-2.47404,-2.46661,-0.25,-0.2492
19.04,-0.25,-2.47404,-2.46662,-0.25,-0.2492
19.06,-0.25,-2.47404,-2.46663,-0.25,-0.24921
19.08,-0.25,-2.47404,-2.46665,-0.25,-0.24921
19.1,-0.25,-2.47404,-2.46666,-0.25,-0.24921
19.12,-0.25,-2.47404,-2.46667,-0.25,-0.24921
19.14,-0.25,-2.47404,-2.46668,-0.25,-0.24921
19.16,-0.25,-2.47404,-2.46669,-0.25,-0.24921
19.18,-0.25,-2.47404,-2.4667,-0.25,-0.24922
19.2,-0.25,-2.47404,-2.46671,-0.25,-0.24922
19.22,-0.25,-2.47404,-2.46672,-0.25,-0.24922
19.24,-0.25,-2.47404,-2.46673,-0.25,-0.24922
19.26,-0.25,-2.47404,-2.46674,-0.25,-0.24922
19.28,-0.25,-2.47404,-2.46675,-0.25,-0.24922
19.3,-0.25,-2.47404,-2.46676,-0.25,-0.24922
19.32,-0.25,-2.47404,-2.46677,-0.25,-0.24923
19.34,-0.25,-2.47404,-2.46678,-0.25,-0.24923
19.36,-0.25,-2.47404,-2.46679,-0.25,-0.24923
19.38,-0.25,-2.47404,-2.4668,-0.25,-0.24923
19.4,-0.25,-2.47404,-2.46681,-0.25,-0.24923
19.42,-0.25,-2.47404,-2.46682,-0.25,-0.24923
19.44,-0.25,-2.47404,-2.46682,-0.25,-0.24923
19.46,-0.25,-2.47404,-2.46683,-0.25,-0.24923
19.48,-0.25,-2.47404,-2.46684,-0.25,-0.24924
19.5,-0.25,-2.47404,-2.46685,-0.25,-0.24924
19.52,-0.25,-2.47404,-2.46686,-0.25,-0.24924
19.54,-0.25,-2.47404,-2.46686,-0.25,-0.24924
19.56,-0.25,-2.47404,-2.46687,-0.25,-0.24924
19.58,-0.25,-2.47404,-2.46688,-0.25,-0.24924
19.6,-0.25,-2.47404,-2.46689,-0.25,-0.24924
19.62,-0.25,-2.47404,-2.46689,-0.25,-0.24924
19.64,-0.25,-2.47404,-2.4669,-0.25,-0.24925
19.66,-0.25,-2.47404,-2.46691,-0.25,-0.24925
19.68,-0.25,-2.47404,-2.46692,-0.25,-0.24925
19.7,-0.25,-2.47404,-2.46692,-0.25,-0.24925
19.72,-0.25,-2.47404,-2.46693,-0.25,-0.24925
19.74,-0.25,-2.47404,-2.46694,-0.25,-0.24925
19.76,-0.25,-2.47404,-2.46694,-0.25,-0.24925
19.78,-0.25,-2.47404,-2.46695,-0.25,-0.24925
19.8,-0.25,-2.47404,-2.46695,-0.25,-0.24925
19.82,-0.25,-2.47404,-2.46696,-0.25,-0.24925
19.84,-0.25,-2.47404,-2.46697,-0.25,-0.24925
19.86,-0.25,-2.47404,-2.46697,-0.25,-0.24926
19.88,-0.25,-2.47404,-2.46698,-0.25,-0.24926
19.9,-0.25,-2.47404,-2.46698,-0.25,-0.24926
19.92,-0.25,-2.47404,-2.46699,-0.25,-0.24926
19.94,-0.25,-2.47404,-2.467,-0.25,-0.24926
19.96,-0.25,-2.47404,-2.467,-0.25,-0.24926
19.98,-0.25,-2.47404,-2.46701,-0.25,-0.24926
20,0.375,136.86814,136.75572,-0.25,-0.24926
